path	exists	size_bytes	sha256
audit/qa/hde-epic030/checks/po-006/primary.log	YES	3425	914b75bc374e09efa56541c7acd7c188cd65de6a6f2daedf8f9f6d38f48973e1
audit/qa/hde-epic030/checks/po-006/exit_code.txt	YES	2	4355a46b19d348dc2f57c046f8ef63d4538ebb936000f3c9ee954a27460dd865
audit/qa/hde-epic030/checks/po-006/pytest_rc.txt	YES	2	4355a46b19d348dc2f57c046f8ef63d4538ebb936000f3c9ee954a27460dd865
audit/qa/hde-epic030/checks/po-006/grep_rc.txt	YES	2	9a271f2a916b0b6ee6cecb2426f0b3206ef074578be55d9bc94f6f3fe3ab86aa
audit/qa/hde-epic030/checks/po-006/pytest_stdout.log	YES	1448	f30e5c66d225420a3e286d6c18b9370632c421fe804eb7dd8ec938560d5ce9c5
audit/qa/hde-epic030/checks/po-006/pytest_stderr.log	YES	0	e3b0c44298fc1c149afbf4c8996fb92427ae41e4649b934ca495991b7852b855
audit/qa/hde-epic030/checks/po-006/numeric_free_grep.txt	YES	46	1ffba8c72f25526a7e917a38e589905e4b86b27698fc50de568e015fce100b0d
audit/qa/hde-epic030/checks/po-006/grep_stderr.log	YES	0	e3b0c44298fc1c149afbf4c8996fb92427ae41e4649b934ca495991b7852b855
audit/qa/hde-epic030/pr-05/category_framework_binding.log	YES	549	833e6a52bd51d10923895948921991f14406b246172501dbd224650698c9e2b4
audit/qa/hde-epic030/checks/po-015/discovery.json	NO		
audit/qa/hde-epic030/checks/po-015/primary.log	NO		
tests/compat/test_compat_public_ab_ba_identity.py	YES	1532	726d794d75d9b890fdc09e1251eb69c72c85972b767cea837cc6cd4560c059b3
tests/compat/test_compat_public_lf_bom.py	YES	995	752d3c3d97b637bc48f14c47181c4096b52a72a43a06438dd4dd7410f727650e
